# file name (no extension)	title	match key	disc (empty if none)
Kirby - Nightmare in Dream Land (USA)	Kirby - Nightmare in Dream Land	kirbynightmareindreamland	
Super Mario Advance (USA, Europe)	Super Mario Advance	supermarioadvance	
Pokemon - FireRed Version (USA, Europe) (Rev 1)	Pokemon - FireRed Version	pokemonfireredversion	
Final Fantasy VII (USA) (Disc 2)	Final Fantasy VII	finalfantasyvii	2
Resident Evil 2 (Disc 1)	Resident Evil 2	residentevil2	1
Some_Game_(Europe)	Some Game	somegame	
Zelda - A Link to the Past (Japan) [!]	Zelda - A Link to the Past	zeldaalinktothepast	
Tetris -	Tetris	tetris	
(Unlicensed)	(Unlicensed)	unlicensed	
